model_name,RMSE,MAE,sMAPE,run_id
prophet,78.00220696538,66.24649275211546,0.5021616331851579,fcc6965d-6047-40ee-b3ef-35556bc1df59
arima,102.21201076377551,95.92675724910762,0.6644177210891968,fcc6965d-6047-40ee-b3ef-35556bc1df59
