model_name,RMSE,MAE,sMAPE,run_id
prophet,78.00220696538,66.24649275211546,0.5021616331851579,c402f9ff-d5ac-41b9-8c22-ebef95bb3f98
arima,102.21201076377551,95.92675724910762,0.6644177210891968,c402f9ff-d5ac-41b9-8c22-ebef95bb3f98
