model_name,RMSE,MAE,sMAPE,run_id
prophet,78.00220696538,66.24649275211546,0.5021616331851579,91af16bc-bfd8-48b5-9bb1-22fd6fb13f86
arima,102.21201076377551,95.92675724910762,0.6644177210891968,91af16bc-bfd8-48b5-9bb1-22fd6fb13f86
