model_name,RMSE,MAE,sMAPE,run_id
prophet,78.00220696538,66.24649275211546,0.5021616331851579,369df0eb-a246-456e-a1ec-fcd93062499f
arima,102.21201076377551,95.92675724910762,0.6644177210891968,369df0eb-a246-456e-a1ec-fcd93062499f
