model_name,n_barangays,n_rows,coverage_rows,RMSE,MAE,sMAPE,run_id
disagg,182,9464,9464,1.297623668962657,0.7383973638041849,1.6173329277609094,c402f9ff-d5ac-41b9-8c22-ebef95bb3f98
