model_name,n_barangays,n_rows,coverage_rows,RMSE,MAE,sMAPE,run_id
disagg,182,9464,9464,1.297623668962657,0.7383973638041849,1.6173329277609094,fcc6965d-6047-40ee-b3ef-35556bc1df59
