model_name,n_barangays,n_rows,coverage_rows,RMSE,MAE,sMAPE,run_id
disagg,182,9464,9464,1.297623668962657,0.7383973638041849,1.6173329277609094,2cd7614b-e5c7-484d-aa9d-9feb031411e2
