model_name,n_barangays,n_rows,coverage_rows,RMSE,MAE,sMAPE,run_id
disagg,182,9464,9464,1.297623668962657,0.7383973638041849,1.6173329277609094,2de8a461-3769-4086-89c9-ab356d166348
