model_name,n_barangays,n_rows,coverage_rows,RMSE,MAE,sMAPE,run_id
disagg,182,9464,9464,1.297623668962657,0.7383973638041849,1.6173328383735364,91af16bc-bfd8-48b5-9bb1-22fd6fb13f86
